,namespace,Produto,n_usuarios,licenças,Deal Owner
0,acessoalmirantetamandare,Pedagógico,279.0,30 - 400,S/Deal Owner Hubspot
1,acessoboqueirao,Pedagógico,567.0,400 - 800,S/Deal Owner Hubspot
2,acessocampolargo,Pedagógico,310.0,30 - 400,S/Deal Owner Hubspot
3,acessocampolargokids,Pedagógico,125.0,30 - 400,S/Deal Owner Hubspot
4,acessofazendariogrande,Pedagógico,392.0,30 - 400,S/Deal Owner Hubspot
5,acessohauer,Pedagógico,400.0,30 - 400,S/Deal Owner Hubspot
6,acessopinhais,Pedagógico,187.0,30 - 400,S/Deal Owner Hubspot
7,acessosantafelicidade,Pedagógico,531.0,400 - 800,S/Deal Owner Hubspot
8,acessosjpinhais,Pedagógico,873.0,800 - 1200,S/Deal Owner Hubspot
9,adrianochan,Pedagógico,567.0,400 - 800,S/Deal Owner Hubspot
10,aescobjetivo,Pedagógico,935.0,800 - 1200,Marcos Rocha
11,albertsabin,Pedagógico,5.0,0 - 30,S/Deal Owner Hubspot
12,amadeus,Pedagógico,1467.0,1200 - x,Marcos Rocha
13,apogeustoantonio2,Pedagógico,1588.0,1200 - x,S/Deal Owner Hubspot
14,aprovest,Diagnóstico,96.0,30 - 400,Fernanda Pereira
15,brasilcursinhos,Pedagógico,411.0,400 - 800,S/Deal Owner Hubspot
16,camerinocursos,Pedagógico,971.0,800 - 1200,Fernanda Pereira
17,casdinhosjc,Pedagógico,1311.0,1200 - x,S/Deal Owner Hubspot
18,casdvest,Pedagógico,1683.0,1200 - x,S/Deal Owner Hubspot
19,cbpdigital,Diagnóstico,442.0,400 - 800,S/Deal Owner Hubspot
20,ceabb,Pedagógico,116.0,30 - 400,Fernanda Moreira
21,ceespacolivre,Pedagógico,537.0,400 - 800,Marcos Rocha
22,cem,Pedagógico,209.0,30 - 400,Fernanda Moreira
23,ceprimeiromundo,Pedagógico,1036.0,800 - 1200,S/Deal Owner Hubspot
24,ciadosaber,Pedagógico,167.0,30 - 400,Fernanda Moreira
25,cnslpb,Diagnóstico,621.0,400 - 800,Fernanda Pereira
26,colegioarena,Pedagógico,1343.0,1200 - x,S/Deal Owner Hubspot
27,colegiobatistaindependente,Diagnóstico,117.0,30 - 400,Fernanda Moreira
28,colegiobetelbrasileirosp,Pedagógico,502.0,400 - 800,Marcos Rocha
29,colegiobilac,Pedagógico,359.0,30 - 400,Fernanda Moreira
30,colegiobrasilia,Pedagógico,1435.0,1200 - x,Magnum Queiroz
31,colegiocb,Pedagógico,438.0,400 - 800,Marcos Rocha
32,colegiodasamericas,Pedagógico,410.0,400 - 800,Magnum Queiroz
33,colegioeag,Pedagógico,936.0,800 - 1200,S/Deal Owner Hubspot
34,colegioecursodesafio,Pedagógico,798.0,400 - 800,Fernanda Moreira
35,colegioecursoprogressao,Pedagógico,432.0,400 - 800,Marcos Rocha
36,colegioeducallis,Pedagógico,997.0,800 - 1200,Marcos Rocha
37,colegioensitec,Pedagógico,368.0,30 - 400,Fernanda Moreira
38,colegioflamingo,Pedagógico,211.0,30 - 400,Fernanda Moreira
39,colegiofuturageracao,Pedagógico,88.0,30 - 400,Fernanda Moreira
40,colegioglobal,Pedagógico,338.0,30 - 400,Marcos Rocha
41,colegioguilhermedealmeida,Pedagógico,872.0,800 - 1200,Marcos Rocha
42,colegioiguatemy,Pedagógico,481.0,400 - 800,Marcos Rocha
43,colegiointegral,Pedagógico,1959.0,1200 - x,Marcos Rocha
44,colegiojoaopaulo,Pedagógico,678.0,400 - 800,S/Deal Owner Hubspot
45,colegiomagnum,Pedagógico,670.0,400 - 800,S/Deal Owner Hubspot
46,colegiomartinus,Pedagógico,6.0,0 - 30,S/Deal Owner Hubspot
47,colegionovopatio,Diagnóstico,332.0,30 - 400,S/Deal Owner Hubspot
48,colegioplanck,Pedagógico,868.0,800 - 1200,S/Deal Owner Hubspot
49,colegiopremium,Pedagógico,208.0,30 - 400,S/Deal Owner Hubspot
50,colegiopremiumgentil,Pedagógico,159.0,30 - 400,S/Deal Owner Hubspot
51,colegiosaberviver,Pedagógico,4.0,0 - 30,S/Deal Owner Hubspot
52,colegiosantamaria,Pedagógico,5.0,0 - 30,S/Deal Owner Hubspot
53,colegiosete,Pedagógico,1021.0,800 - 1200,Marcos Rocha
54,colegiouirapuru,Pedagógico,1388.0,1200 - x,Marcos Rocha
55,colegiouniverso,Pedagógico,1154.0,800 - 1200,S/Deal Owner Hubspot
56,colegioup,Diagnóstico,292.0,30 - 400,Fernanda Moreira
57,conexaosaber,Pedagógico,279.0,30 - 400,Fernanda Moreira
58,contemporaneocidadeverde,Pedagógico,763.0,400 - 800,S/Deal Owner Hubspot
59,contemporaneolagoanova,Pedagógico,1051.0,800 - 1200,S/Deal Owner Hubspot
60,crb,Diagnóstico,1733.0,1200 - x,Magnum Queiroz
61,crescercampinas,Diagnóstico,724.0,400 - 800,Fernanda Pereira
62,cursobase,Pedagógico,134.0,30 - 400,Fernanda Pereira
63,cursoenfase,Pedagógico,277.0,30 - 400,S/Deal Owner Hubspot
64,cursoisfera,Pedagógico,114.0,30 - 400,Fernanda Pereira
65,cursoleopoldo,Pedagógico,259.0,30 - 400,Fernanda Pereira
66,cursosazambuja,Pedagógico,738.0,400 - 800,Fernanda Pereira
67,deltaeducacional,Diagnóstico,182.0,30 - 400,S/Deal Owner Hubspot
68,dommga,Diagnóstico,41.0,30 - 400,S/Deal Owner Hubspot
69,domus,Diagnóstico,118.0,30 - 400,S/Deal Owner Hubspot
70,eacorcovado,Pedagógico,809.0,800 - 1200,Marcos Rocha
71,eccos,Pedagógico,335.0,30 - 400,Marcos Rocha
72,educandarioterciocorreia,Diagnóstico,119.0,30 - 400,Fernanda Pereira
73,educarse,Pedagógico,71.0,30 - 400,Fernanda Pereira
74,einsteinassis,Pedagógico,148.0,30 - 400,S/Deal Owner Hubspot
75,elitecuritiba,Pedagógico,590.0,400 - 800,S/Deal Owner Hubspot
76,elitecuritibaemilianoperneta,Pedagógico,190.0,30 - 400,S/Deal Owner Hubspot
77,escolaceciliameireles,Pedagógico,220.0,30 - 400,Fernanda Pereira
78,escolamaster,Pedagógico,253.0,30 - 400,S/Deal Owner Hubspot
79,escolavida,Pedagógico,56.0,30 - 400,S/Deal Owner Hubspot
80,faculdadeflamingo,Pedagógico,1665.0,1200 - x,Fernanda Moreira
81,forumcultural,Pedagógico,31.0,30 - 400,S/Deal Owner Hubspot
82,francobrasileiro,Pedagógico,95.0,30 - 400,S/Deal Owner Hubspot
83,fundacaobradesco,Pedagógico,5.0,0 - 30,S/Deal Owner Hubspot
84,idaam,Pedagógico,2990.0,1200 - x,S/Deal Owner Hubspot
85,insa,Pedagógico,124.0,30 - 400,Fernanda Pereira
86,institutocristao,Diagnóstico,59.0,30 - 400,Fernanda Pereira
87,institutoeurofarma,Pedagógico,292.0,30 - 400,Fernanda Pereira
88,integra,Pedagógico,208.0,30 - 400,Ederson Fonseca
89,integradaeducativa,Pedagógico,585.0,400 - 800,Marcos Rocha
90,invictus,Pedagógico,129.0,30 - 400,Fernanda Moreira
91,isem,Pedagógico,481.0,400 - 800,Fernanda Moreira
92,itamarati,Pedagógico,732.0,400 - 800,S/Deal Owner Hubspot
93,jardimsaopaulo,Pedagógico,256.0,30 - 400,S/Deal Owner Hubspot
94,laboratoriosromildo,Pedagógico,155.0,30 - 400,Fernanda Pereira
95,litteratus,Pedagógico,244.0,30 - 400,S/Deal Owner Hubspot
96,macvest,Pedagógico,198.0,30 - 400,S/Deal Owner Hubspot
97,magister,Diagnóstico,316.0,30 - 400,Marcos Rocha
98,maplebearslz,Diagnóstico,617.0,400 - 800,S/Deal Owner Hubspot
99,mariliamattoso,Pedagógico,662.0,400 - 800,S/Deal Owner Hubspot
100,master,Pedagógico,4284.0,1200 - x,Magnum Queiroz
101,montessori,Diagnóstico,77.0,30 - 400,S/Deal Owner Hubspot
102,motiva,Pedagógico,243.0,30 - 400,S/Deal Owner Hubspot
103,novotempo,Pedagógico,1130.0,800 - 1200,S/Deal Owner Hubspot
104,nucleocriativo,Pedagógico,252.0,30 - 400,Fernanda Moreira
105,objetivolorena,Pedagógico,757.0,400 - 800,Fernanda Moreira
106,objetivoteresina,Pedagógico,6.0,0 - 30,S/Deal Owner Hubspot
107,oficinadoestudante,Pedagógico,2445.0,1200 - x,S/Deal Owner Hubspot
108,overabelcabral,Pedagógico,748.0,400 - 800,S/Deal Owner Hubspot
109,overjoaopessoa,Pedagógico,180.0,30 - 400,S/Deal Owner Hubspot
110,overlimaesilva,Pedagógico,207.0,30 - 400,S/Deal Owner Hubspot
111,overmarciliofurtado,Pedagógico,399.0,30 - 400,S/Deal Owner Hubspot
112,overmossoro,Pedagógico,291.0,30 - 400,S/Deal Owner Hubspot
113,overnascimentodecastro,Pedagógico,474.0,400 - 800,S/Deal Owner Hubspot
114,overpontanegra,Pedagógico,442.0,400 - 800,S/Deal Owner Hubspot
115,overzonanorte,Pedagógico,312.0,30 - 400,S/Deal Owner Hubspot
116,palmares,Pedagógico,6.0,0 - 30,S/Deal Owner Hubspot
117,physicsalcindocacela,Pedagógico,926.0,800 - 1200,S/Deal Owner Hubspot
118,physicsalmirantebarroso,Pedagógico,923.0,800 - 1200,S/Deal Owner Hubspot
119,physicsaugustomontenegro,Pedagógico,690.0,400 - 800,S/Deal Owner Hubspot
120,physicsbatistacampos,Pedagógico,517.0,400 - 800,S/Deal Owner Hubspot
121,physicscidadenova,Pedagógico,1029.0,800 - 1200,S/Deal Owner Hubspot
122,physicsconselheirofurtado,Pedagógico,567.0,400 - 800,S/Deal Owner Hubspot
123,physicsmacapa,Pedagógico,279.0,30 - 400,S/Deal Owner Hubspot
124,physicsumarizal,Pedagógico,554.0,400 - 800,S/Deal Owner Hubspot
125,pioxi,Pedagógico,1167.0,800 - 1200,Marcos Rocha
126,pioxiicolegio,Diagnóstico,722.0,400 - 800,S/Deal Owner Hubspot
127,plannetataboao,Diagnóstico,16302.0,1200 - x,S/Deal Owner Hubspot
128,poliedro,Diagnóstico,3345.0,1200 - x,S/Deal Owner Hubspot
129,portinari,Pedagógico,1082.0,800 - 1200,S/Deal Owner Hubspot
130,porto,Pedagógico,809.0,800 - 1200,S/Deal Owner Hubspot
131,portoseguro,Diagnóstico,601.0,400 - 800,S/Deal Owner Hubspot
132,primeirodemaio,Pedagógico,242.0,30 - 400,S/Deal Owner Hubspot
133,prismapatrocinio,Diagnóstico,612.0,400 - 800,S/Deal Owner Hubspot
134,profederal,Pedagógico,404.0,400 - 800,S/Deal Owner Hubspot
135,provaspoliedro,Pedagógico,4268.0,1200 - x,S/Deal Owner Hubspot
136,psantagema,Pedagógico,133.0,30 - 400,Fernanda Moreira
137,sagradafamilia,Pedagógico,229.0,30 - 400,S/Deal Owner Hubspot
138,santadoroteia,Pedagógico,109.0,30 - 400,Bruno Oliveira
139,santoagostinho,Pedagógico,73.0,30 - 400,S/Deal Owner Hubspot
140,santoamerico,Pedagógico,843.0,800 - 1200,S/Deal Owner Hubspot
141,santoantonio,Pedagógico,58.0,30 - 400,S/Deal Owner Hubspot
142,sas,Pedagógico,55.0,30 - 400,S/Deal Owner Hubspot
143,sasadapt,Pedagógico,287.0,30 - 400,S/Deal Owner Hubspot
144,sasadaptem,Pedagógico,33.0,30 - 400,S/Deal Owner Hubspot
145,saseducacao,Pedagógico,89.0,30 - 400,S/Deal Owner Hubspot
146,serios,Pedagógico,6.0,0 - 30,S/Deal Owner Hubspot
147,simbios,Pedagógico,305.0,30 - 400,S/Deal Owner Hubspot
148,souhabilis,Pedagógico,178.0,30 - 400,Fernanda Moreira
149,spdacruz,Pedagógico,744.0,400 - 800,Marcos Rocha
150,stellamarisaguaverde,Pedagógico,359.0,30 - 400,S/Deal Owner Hubspot
151,stellamarisjuveve,Pedagógico,1031.0,800 - 1200,S/Deal Owner Hubspot
152,stellamarisxaxim,Pedagógico,507.0,400 - 800,S/Deal Owner Hubspot
153,universitariolondrina,Pedagógico,1692.0,1200 - x,S/Deal Owner Hubspot
154,universobarcarena,Pedagógico,627.0,400 - 800,S/Deal Owner Hubspot
155,villalobos,Pedagógico,1000.0,800 - 1200,Magnum Queiroz
156,abdiasmartins,Pedagógico,448.0,400 - 800,S/Deal Owner Hubspot
157,abiliomartins,Pedagógico,367.0,30 - 400,S/Deal Owner Hubspot
158,alfacembilingue,Pedagógico,5.0,0 - 30,S/Deal Owner Hubspot
159,alpha,Pedagógico,633.0,400 - 800,Fernanda Moreira
160,anossaatmosfera,Pedagógico,110.0,30 - 400,Fernanda Pereira
161,antoniairene,Pedagógico,188.0,30 - 400,S/Deal Owner Hubspot
162,antoniolima,Pedagógico,224.0,30 - 400,S/Deal Owner Hubspot
163,antoniomelo,Pedagógico,312.0,30 - 400,S/Deal Owner Hubspot
164,atmo,Pedagógico,5.0,0 - 30,S/Deal Owner Hubspot
165,beityaacov,Pedagógico,32.0,30 - 400,S/Deal Owner Hubspot
166,benjaminconstant,Pedagógico,24.0,0 - 30,S/Deal Owner Hubspot
167,catarinense,Pedagógico,8.0,0 - 30,S/Deal Owner Hubspot
168,charlesdarwin,Pedagógico,5.0,0 - 30,S/Deal Owner Hubspot
169,cognitivo,Pedagógico,10.0,0 - 30,S/Deal Owner Hubspot
170,colegiobianguloiv,Pedagógico,50.0,30 - 400,S/Deal Owner Hubspot
171,colegioliceu,Pedagógico,192.0,30 - 400,S/Deal Owner Hubspot
172,colegioprogresso,Pedagógico,5.0,0 - 30,S/Deal Owner Hubspot
173,colegioriobranco,Pedagógico,8.0,0 - 30,S/Deal Owner Hubspot
174,conradochaves,Pedagógico,340.0,30 - 400,S/Deal Owner Hubspot
175,culturainglesa,Pedagógico,138.0,30 - 400,S/Deal Owner Hubspot
176,dante,Pedagógico,86.0,30 - 400,S/Deal Owner Hubspot
177,darwin,Pedagógico,1176.0,800 - 1200,S/Deal Owner Hubspot
178,educamais,Pedagógico,81.0,30 - 400,S/Deal Owner Hubspot
179,eldapereira,Pedagógico,247.0,30 - 400,S/Deal Owner Hubspot
180,equipe,Pedagógico,8.0,0 - 30,S/Deal Owner Hubspot
181,escoladofuturo,Pedagógico,59.0,30 - 400,S/Deal Owner Hubspot
182,escolainternacional,Pedagógico,14.0,0 - 30,S/Deal Owner Hubspot
183,escolajardimdasnacoes,Pedagógico,5.0,0 - 30,S/Deal Owner Hubspot
184,franciscoperes,Pedagógico,101.0,30 - 400,S/Deal Owner Hubspot
185,galois,Pedagógico,8.0,0 - 30,S/Deal Owner Hubspot
186,gamt,Pedagógico,164.0,30 - 400,Fernanda Pereira
187,guilhermefilho,Pedagógico,377.0,30 - 400,S/Deal Owner Hubspot
188,idb,Pedagógico,36.0,30 - 400,S/Deal Owner Hubspot
189,ipdhsolucoes,Pedagógico,5415.0,1200 - x,S/Deal Owner Hubspot
190,iracemarufino,Pedagógico,283.0,30 - 400,S/Deal Owner Hubspot
191,ismart,Pedagógico,6.0,0 - 30,S/Deal Owner Hubspot
192,jeanpiaget,Pedagógico,5.0,0 - 30,S/Deal Owner Hubspot
193,joaobelem,Pedagógico,286.0,30 - 400,S/Deal Owner Hubspot
194,joaorosa,Pedagógico,270.0,30 - 400,S/Deal Owner Hubspot
195,joaosampaio,Pedagógico,477.0,400 - 800,S/Deal Owner Hubspot
196,liessin,Pedagógico,64.0,30 - 400,S/Deal Owner Hubspot
197,liessinbarra,Pedagógico,41.0,30 - 400,S/Deal Owner Hubspot
198,luizgonzaga,Pedagógico,200.0,30 - 400,S/Deal Owner Hubspot
199,mariaeunice,Pedagógico,256.0,30 - 400,S/Deal Owner Hubspot
200,marialaura,Pedagógico,395.0,30 - 400,S/Deal Owner Hubspot
201,marianair,Pedagógico,161.0,30 - 400,S/Deal Owner Hubspot
202,mariaolinda,Pedagógico,207.0,30 - 400,S/Deal Owner Hubspot
203,moaciralves,Pedagógico,279.0,30 - 400,S/Deal Owner Hubspot
204,monsenhorfrancisco,Pedagógico,153.0,30 - 400,S/Deal Owner Hubspot
205,monsenhorgoncalo,Pedagógico,962.0,800 - 1200,S/Deal Owner Hubspot
206,murilorocha,Pedagógico,651.0,400 - 800,S/Deal Owner Hubspot
207,navegasas,Pedagógico,11.0,0 - 30,S/Deal Owner Hubspot
208,nsfatima,Pedagógico,241.0,30 - 400,S/Deal Owner Hubspot
209,pesenglish,Pedagógico,99.0,30 - 400,S/Deal Owner Hubspot
210,portalsas,Pedagógico,4.0,0 - 30,S/Deal Owner Hubspot
211,sasadaptfund,Pedagógico,7.0,0 - 30,S/Deal Owner Hubspot
212,senhorbonfim,Pedagógico,230.0,30 - 400,S/Deal Owner Hubspot
213,tiquinhodegente,Pedagógico,115.0,30 - 400,S/Deal Owner Hubspot
214,valdemiracoelho,Pedagógico,575.0,400 - 800,S/Deal Owner Hubspot
215,visaorecife,Pedagógico,11.0,0 - 30,S/Deal Owner Hubspot
216,acessoemilianoperneta,Banco,13.0,0 - 30,S/Deal Owner Hubspot
217,albertocabral,Banco,65.0,30 - 400,S/Deal Owner Hubspot
218,amais,Banco,1554.0,1200 - x,S/Deal Owner Hubspot
219,antoniocesar,Banco,18.0,0 - 30,S/Deal Owner Hubspot
220,antonioportela,Banco,47.0,30 - 400,S/Deal Owner Hubspot
221,apogeu,Banco,111.0,30 - 400,S/Deal Owner Hubspot
222,arlindocavalcanti,Banco,281.0,30 - 400,S/Deal Owner Hubspot
223,arturtavares,Banco,436.0,400 - 800,S/Deal Owner Hubspot
224,babycamp,Banco,4.0,0 - 30,Talitha Diane Santos
225,babyhouse,Banco,7.0,0 - 30,Talitha Diane Santos
226,barraazul,Banco,208.0,30 - 400,S/Deal Owner Hubspot
227,benjamitacardona,Banco,287.0,30 - 400,S/Deal Owner Hubspot
228,bernardosayao,Banco,322.0,30 - 400,S/Deal Owner Hubspot
229,caur,Banco,110.0,30 - 400,S/Deal Owner Hubspot
230,cecb,Banco,841.0,800 - 1200,S/Deal Owner Hubspot
231,centroarcadenoe,Banco,7.0,0 - 30,Talitha Diane Santos
232,cermac,Banco,517.0,400 - 800,S/Deal Owner Hubspot
233,cfc,Banco,9.0,0 - 30,S/Deal Owner Hubspot
234,cicerofranklin,Banco,305.0,30 - 400,S/Deal Owner Hubspot
235,colegioanchietai,Banco,25.0,0 - 30,S/Deal Owner Hubspot
236,colegioanchietaii,Banco,33.0,30 - 400,S/Deal Owner Hubspot
237,colegiobiangulo,Banco,16.0,0 - 30,S/Deal Owner Hubspot
238,colegiocanarinho,Banco,77.0,30 - 400,S/Deal Owner Hubspot
239,colegioevoluir,Banco,8.0,0 - 30,Talitha Diane Santos
240,colegioma,Banco,0.0,0 - 30,S/Deal Owner Hubspot
241,colegiomilitardompedroii,Banco,416.0,400 - 800,S/Deal Owner Hubspot
242,colegiotelescastelao,Banco,8.0,0 - 30,Talitha Diane Santos
243,colegiotelesmourabrasil,Banco,5.0,0 - 30,Talitha Diane Santos
244,colegiovitoria,Banco,12.0,0 - 30,Talitha Diane Santos
245,colsaberviver,Banco,3.0,0 - 30,Talitha Diane Santos
246,contratos2021,Banco,1.0,0 - 30,S/Deal Owner Hubspot
247,criancaesperanca,Banco,205.0,30 - 400,S/Deal Owner Hubspot
248,djanirapereira,Banco,46.0,30 - 400,S/Deal Owner Hubspot
249,domhelder,Banco,56.0,30 - 400,S/Deal Owner Hubspot
250,duquecastilho,Banco,225.0,30 - 400,S/Deal Owner Hubspot
251,educacaoinfantilsemear,Banco,26.0,0 - 30,S/Deal Owner Hubspot
252,educaprime,Banco,14.0,0 - 30,S/Deal Owner Hubspot
253,eliteemilianoperneta,Banco,7.0,0 - 30,S/Deal Owner Hubspot
254,eluneonline,Banco,43.0,30 - 400,Fernanda Pereira
255,escolabedelandia,Banco,7.0,0 - 30,Talitha Diane Santos
256,escolacristaboaviagem,Banco,11.0,0 - 30,Talitha Diane Santos
257,escolacristacandeias,Banco,8.0,0 - 30,Talitha Diane Santos
258,escolacristaemaldeia,Banco,9.0,0 - 30,Talitha Diane Santos
259,escolacristaempiedade,Banco,9.0,0 - 30,Talitha Diane Santos
260,escolacristanavarzea,Banco,13.0,0 - 30,Talitha Diane Santos
261,escolasantaclara,Banco,6.0,0 - 30,Talitha Diane Santos
262,escolinhacaca,Banco,14.0,0 - 30,S/Deal Owner Hubspot
263,espacoeducar,Banco,46.0,30 - 400,S/Deal Owner Hubspot
264,franciscanopioxii,Banco,9.0,0 - 30,S/Deal Owner Hubspot
265,goncalomartins,Banco,127.0,30 - 400,S/Deal Owner Hubspot
266,grandepasso,Banco,9.0,0 - 30,S/Deal Owner Hubspot
267,habilisescolaecurso,Banco,89.0,30 - 400,S/Deal Owner Hubspot
268,herciliovilanova,Banco,18.0,0 - 30,S/Deal Owner Hubspot
269,institutokairos,Banco,138.0,30 - 400,S/Deal Owner Hubspot
270,Ipdhsolucoes,Banco,0.0,0 - 30,S/Deal Owner Hubspot
271,joaoferreira,Banco,193.0,30 - 400,S/Deal Owner Hubspot
272,joaoxxiii,Banco,680.0,400 - 800,S/Deal Owner Hubspot
273,josecabral,Banco,29.0,0 - 30,S/Deal Owner Hubspot
274,josemariano,Banco,30.0,0 - 30,S/Deal Owner Hubspot
275,josemelo,Banco,476.0,400 - 800,S/Deal Owner Hubspot
276,josesoares,Banco,108.0,30 - 400,S/Deal Owner Hubspot
277,kidsbaby,Banco,7.0,0 - 30,Talitha Diane Santos
278,liviasoares,Banco,79.0,30 - 400,S/Deal Owner Hubspot
279,magno,Banco,9.0,0 - 30,S/Deal Owner Hubspot
280,magnumagostiniano,Banco,9.0,0 - 30,S/Deal Owner Hubspot
281,manoelbatista,Banco,35.0,30 - 400,S/Deal Owner Hubspot
282,manoelbernardino,Banco,226.0,30 - 400,S/Deal Owner Hubspot
283,manoelmarcelino,Banco,53.0,30 - 400,S/Deal Owner Hubspot
284,manoelqueiroz,Banco,182.0,30 - 400,S/Deal Owner Hubspot
285,mariacarmo,Banco,481.0,400 - 800,S/Deal Owner Hubspot
286,marialeao,Banco,92.0,30 - 400,S/Deal Owner Hubspot
287,mariamerces,Banco,25.0,0 - 30,S/Deal Owner Hubspot
288,marqueslima,Banco,7.0,0 - 30,Talitha Diane Santos
289,mastersolucoes,Banco,30.0,0 - 30,S/Deal Owner Hubspot
290,materdei,Banco,5.0,0 - 30,Talitha Diane Santos
291,melquiadescamelo,Banco,161.0,30 - 400,S/Deal Owner Hubspot
292,msetemporario,Banco,10.0,0 - 30,S/Deal Owner Hubspot
293,nsconceicao,Banco,36.0,30 - 400,S/Deal Owner Hubspot
294,nucleo,Banco,9.0,0 - 30,S/Deal Owner Hubspot
295,oswalddeandrade,Banco,9.0,0 - 30,S/Deal Owner Hubspot
296,palasatena,Banco,39.0,30 - 400,S/Deal Owner Hubspot
297,paulovi,Banco,29.0,0 - 30,S/Deal Owner Hubspot
298,pauloviana,Banco,813.0,800 - 1200,S/Deal Owner Hubspot
299,pcf,Banco,253.0,30 - 400,S/Deal Owner Hubspot
300,pedrocamelo,Banco,226.0,30 - 400,S/Deal Owner Hubspot
301,pedromurilo,Banco,279.0,30 - 400,S/Deal Owner Hubspot
302,physicsagustomontenegro,Banco,0.0,0 - 30,S/Deal Owner Hubspot
303,physicstrescoracoes,Banco,7.0,0 - 30,S/Deal Owner Hubspot
304,pluricrecheescola,Banco,4.0,0 - 30,Talitha Diane Santos
305,podion,Banco,347.0,30 - 400,S/Deal Owner Hubspot
306,positivo,Banco,3.0,0 - 30,S/Deal Owner Hubspot
307,potenciacao,Banco,2.0,0 - 30,S/Deal Owner Hubspot
308,prevest,Banco,73.0,30 - 400,S/Deal Owner Hubspot
309,primeiromundo,Banco,35.0,30 - 400,S/Deal Owner Hubspot
310,recriar,Banco,24.0,0 - 30,S/Deal Owner Hubspot
311,rosadesaron,Banco,5.0,0 - 30,Talitha Diane Santos
312,rosanaponte,Banco,4.0,0 - 30,Talitha Diane Santos
313,santoagostinhomg,Banco,9.0,0 - 30,S/Deal Owner Hubspot
314,saoluiz,Banco,9.0,0 - 30,S/Deal Owner Hubspot
315,saosebastiao,Banco,37.0,30 - 400,S/Deal Owner Hubspot
316,scoredu,Banco,4.0,0 - 30,S/Deal Owner Hubspot
317,senninha,Banco,10.0,0 - 30,Talitha Diane Santos
318,sistemaeducacionalmaster,Banco,15.0,0 - 30,S/Deal Owner Hubspot
319,sonhodecrianca,Banco,11.0,0 - 30,Talitha Diane Santos
320,sosmamaecoruja,Banco,12.0,0 - 30,S/Deal Owner Hubspot
321,tialo,Banco,59.0,30 - 400,S/Deal Owner Hubspot
322,tiathais,Banco,56.0,30 - 400,S/Deal Owner Hubspot
323,venceslauchaves,Banco,203.0,30 - 400,S/Deal Owner Hubspot
324,viladainfanciaeusebio,Banco,10.0,0 - 30,Talitha Diane Santos
325,viladainfanciafortaleza,Banco,14.0,0 - 30,Talitha Diane Santos
326,vitaldidonet,Banco,10.0,0 - 30,Talitha Diane Santos
327,zecarioca,Banco,426.0,400 - 800,S/Deal Owner Hubspot
328,colegiosantadoroteia,Banco,6.0,0 - 30,S/Deal Owner Hubspot
329,augustolaranja,Banco,5.0,0 - 30,S/Deal Owner Hubspot
330,classea,Banco,5.0,0 - 30,S/Deal Owner Hubspot
331,saobento,Banco,5.0,0 - 30,S/Deal Owner Hubspot
332,cruzeiro,Banco,5.0,0 - 30,S/Deal Owner Hubspot
333,notredame,Banco,7.0,0 - 30,S/Deal Owner Hubspot
334,lerote,Banco,5.0,0 - 30,S/Deal Owner Hubspot
335,santoamericoteste,Banco,12.0,0 - 30,S/Deal Owner Hubspot
336,arena,Banco,5.0,0 - 30,S/Deal Owner Hubspot
337,colegiosaoluis,Banco,6.0,0 - 30,S/Deal Owner Hubspot
338,veracruz,Banco,5.0,0 - 30,S/Deal Owner Hubspot
339,santacruz,Banco,5.0,0 - 30,S/Deal Owner Hubspot
340,esmg,Banco,4.0,0 - 30,S/Deal Owner Hubspot
341,elvirabrandao,Banco,5.0,0 - 30,S/Deal Owner Hubspot
342,bahema,Banco,5.0,0 - 30,S/Deal Owner Hubspot
343,cognita,Banco,6.0,0 - 30,S/Deal Owner Hubspot
344,gaylussac,Banco,5.0,0 - 30,S/Deal Owner Hubspot
345,santamaria,Banco,5.0,0 - 30,S/Deal Owner Hubspot
346,magnum,Banco,5.0,0 - 30,S/Deal Owner Hubspot
347,tomasdeaquino,Banco,5.0,0 - 30,S/Deal Owner Hubspot
348,redeapogeu,Banco,32.0,30 - 400,S/Deal Owner Hubspot
349,liderasas,Banco,5.0,0 - 30,S/Deal Owner Hubspot
350,riobrancocampinas,Banco,5.0,0 - 30,S/Deal Owner Hubspot
351,escolaidaam,Banco,5.0,0 - 30,S/Deal Owner Hubspot
352,playpen,Banco,5.0,0 - 30,S/Deal Owner Hubspot
353,colegiosalesianorn,Banco,5.0,0 - 30,S/Deal Owner Hubspot
354,blueschooleducacional,Banco,44.0,30 - 400,S/Deal Owner Hubspot
355,mobile,Banco,5.0,0 - 30,S/Deal Owner Hubspot
356,vertice,Banco,5.0,0 - 30,S/Deal Owner Hubspot
357,dantealighieri,Banco,2077.0,1200 - x,S/Deal Owner Hubspot
358,coreeschool,Banco,0.0,0 - 30,S/Deal Owner Hubspot
359,cav,Banco,8.0,0 - 30,S/Deal Owner Hubspot
360,santamarcelina,Banco,5.0,0 - 30,S/Deal Owner Hubspot
361,vitalbrazil,Banco,7.0,0 - 30,S/Deal Owner Hubspot
362,nossasenhoradesion,Banco,5.0,0 - 30,S/Deal Owner Hubspot
363,colegiosaojudas,Banco,5.0,0 - 30,S/Deal Owner Hubspot
364,cotemig,Banco,1172.0,800 - 1200,S/Deal Owner Hubspot
365,vicentecravo,Banco,57.0,30 - 400,S/Deal Owner Hubspot
366,engenhomoscou,Banco,66.0,30 - 400,S/Deal Owner Hubspot
367,liviacarneiro,Banco,75.0,30 - 400,S/Deal Owner Hubspot
368,josepinheiro,Banco,556.0,400 - 800,S/Deal Owner Hubspot
369,manoelfrancisco,Banco,55.0,30 - 400,S/Deal Owner Hubspot
370,formacoesipu,Banco,507.0,400 - 800,S/Deal Owner Hubspot
371,mocinhagomes,Banco,51.0,30 - 400,S/Deal Owner Hubspot
372,zacariasliberato,Banco,50.0,30 - 400,S/Deal Owner Hubspot
373,raimundoalves,Banco,62.0,30 - 400,S/Deal Owner Hubspot
374,franciscopinto,Banco,41.0,30 - 400,S/Deal Owner Hubspot
375,hamiltondarocha,Banco,386.0,30 - 400,S/Deal Owner Hubspot
376,josepiaulino,Banco,475.0,400 - 800,S/Deal Owner Hubspot
377,pannetaosasco,Banco,0.0,0 - 30,S/Deal Owner Hubspot
